model,subject_id,threshold_used,neutral_label_removed,best_params,acc,f1,precision,recall
GAT,22,0.0,True,"{""dropout"": 0.2, ""heads"": 2, ""hidden_channels"": 32, ""inner_score"": 0.509996242499557, ""learning_rate"": 0.001, ""selected_epochs"": 1, ""weight_decay"": 0.0}",0.631578947368421,0.6274509803921569,0.6306818181818181,0.6277777777777778
GAT,23,0.0,True,"{""dropout"": 0.2, ""heads"": 2, ""hidden_channels"": 32, ""inner_score"": 0.4982290451285278, ""learning_rate"": 0.001, ""selected_epochs"": 1, ""weight_decay"": 0.0}",0.5789473684210527,0.5681818181818181,0.5773809523809523,0.5722222222222222
GAT,24,0.0,True,"{""dropout"": 0.2, ""heads"": 2, ""hidden_channels"": 32, ""inner_score"": 0.49891275346444947, ""learning_rate"": 0.001, ""selected_epochs"": 1, ""weight_decay"": 0.0}",0.5555555555555556,0.5324675324675324,0.5324675324675324,0.5324675324675324
GAT,25,0.0,True,"{""dropout"": 0.2, ""heads"": 2, ""hidden_channels"": 32, ""inner_score"": 0.4966293230413829, ""learning_rate"": 0.001, ""selected_epochs"": 2, ""weight_decay"": 0.0}",0.3684210526315789,0.3214285714285714,0.6666666666666666,0.5384615384615384
GAT,26,0.0,True,"{""dropout"": 0.2, ""heads"": 2, ""hidden_channels"": 32, ""inner_score"": 0.48682596890356034, ""learning_rate"": 0.001, ""selected_epochs"": 3, ""weight_decay"": 0.0}",0.5,0.45054945054945056,0.5686274509803921,0.5353535353535354
GAT,27,0.0,True,"{""dropout"": 0.2, ""heads"": 2, ""hidden_channels"": 32, ""inner_score"": 0.5391306348852937, ""learning_rate"": 0.001, ""selected_epochs"": 1, ""weight_decay"": 0.0}",0.4,0.3939393939393939,0.3939393939393939,0.3939393939393939
GAT,28,0.0,True,"{""dropout"": 0.2, ""heads"": 2, ""hidden_channels"": 32, ""inner_score"": 0.4728565593681517, ""learning_rate"": 0.001, ""selected_epochs"": 1, ""weight_decay"": 0.0}",0.42105263157894735,0.39420289855072466,0.41428571428571426,0.43333333333333335
GAT,29,0.0,True,"{""dropout"": 0.2, ""heads"": 2, ""hidden_channels"": 32, ""inner_score"": 0.46159569324369815, ""learning_rate"": 0.001, ""selected_epochs"": 8, ""weight_decay"": 0.0}",0.42105263157894735,0.4145658263305322,0.47857142857142854,0.48214285714285715
GAT,30,0.0,True,"{""dropout"": 0.2, ""heads"": 2, ""hidden_channels"": 32, ""inner_score"": 0.4610324748117161, ""learning_rate"": 0.001, ""selected_epochs"": 2, ""weight_decay"": 0.0}",0.6842105263157895,0.6346153846153846,0.8125,0.6666666666666666
GAT,31,0.0,True,"{""dropout"": 0.2, ""heads"": 2, ""hidden_channels"": 32, ""inner_score"": 0.51200756237759, ""learning_rate"": 0.001, ""selected_epochs"": 1, ""weight_decay"": 0.0}",0.4444444444444444,0.41558441558441556,0.4307692307692308,0.4444444444444444
GAT,32,0.0,True,"{""dropout"": 0.2, ""heads"": 2, ""hidden_channels"": 32, ""inner_score"": 0.4429422327441497, ""learning_rate"": 0.001, ""selected_epochs"": 1, ""weight_decay"": 0.0}",0.5789473684210527,0.5476190476190476,0.5511363636363636,0.5576923076923077
GAT,33,0.0,True,"{""dropout"": 0.2, ""heads"": 2, ""hidden_channels"": 32, ""inner_score"": 0.46914743043599855, ""learning_rate"": 0.001, ""selected_epochs"": 2, ""weight_decay"": 0.0}",0.5263157894736842,0.5043478260869565,0.55,0.5388888888888889
GAT,34,0.0,True,"{""dropout"": 0.2, ""heads"": 2, ""hidden_channels"": 32, ""inner_score"": 0.4533659806613859, ""learning_rate"": 0.001, ""selected_epochs"": 1, ""weight_decay"": 0.0}",0.5263157894736842,0.5210084033613445,0.7,0.6538461538461539
GAT,35,0.0,True,"{""dropout"": 0.2, ""heads"": 2, ""hidden_channels"": 32, ""inner_score"": 0.4796962941917342, ""learning_rate"": 0.001, ""selected_epochs"": 6, ""weight_decay"": 0.0}",0.6111111111111112,0.6,0.625,0.6111111111111112
GAT,36,0.0,True,"{""dropout"": 0.2, ""heads"": 2, ""hidden_channels"": 32, ""inner_score"": 0.510652565445756, ""learning_rate"": 0.001, ""selected_epochs"": 1, ""weight_decay"": 0.0}",0.35,0.25925925925925924,0.175,0.5
GAT,37,0.0,True,"{""dropout"": 0.2, ""heads"": 2, ""hidden_channels"": 32, ""inner_score"": 0.4971409331514883, ""learning_rate"": 0.001, ""selected_epochs"": 1, ""weight_decay"": 0.0}",0.5294117647058824,0.5142857142857142,0.7142857142857143,0.6363636363636364
GAT,38,0.0,True,"{""dropout"": 0.2, ""heads"": 2, ""hidden_channels"": 32, ""inner_score"": 0.4661708866385122, ""learning_rate"": 0.001, ""selected_epochs"": 2, ""weight_decay"": 0.0}",0.5,0.4791666666666667,0.48351648351648346,0.48484848484848486
GAT,39,0.0,True,"{""dropout"": 0.2, ""heads"": 2, ""hidden_channels"": 32, ""inner_score"": 0.47378805596078616, ""learning_rate"": 0.001, ""selected_epochs"": 1, ""weight_decay"": 0.0}",0.631578947368421,0.4904214559386973,0.8055555555555556,0.5625
GAT,40,0.0,True,"{""dropout"": 0.2, ""heads"": 2, ""hidden_channels"": 32, ""inner_score"": 0.49872884842720744, ""learning_rate"": 0.001, ""selected_epochs"": 1, ""weight_decay"": 0.0}",0.5789473684210527,0.5681818181818181,0.5681818181818181,0.5681818181818181
GAT,41,0.0,True,"{""dropout"": 0.2, ""heads"": 2, ""hidden_channels"": 32, ""inner_score"": 0.4990998430305779, ""learning_rate"": 0.001, ""selected_epochs"": 2, ""weight_decay"": 0.0}",0.5,0.4791666666666667,0.5,0.5
GAT,42,0.0,True,"{""dropout"": 0.2, ""heads"": 2, ""hidden_channels"": 32, ""inner_score"": 0.49095745009495806, ""learning_rate"": 0.001, ""selected_epochs"": 2, ""weight_decay"": 0.0}",0.5555555555555556,0.5,0.5555555555555556,0.6
GAT,43,0.0,True,"{""dropout"": 0.2, ""heads"": 2, ""hidden_channels"": 32, ""inner_score"": 0.4809404921978511, ""learning_rate"": 0.001, ""selected_epochs"": 1, ""weight_decay"": 0.0}",0.3157894736842105,0.3081232492997199,0.30952380952380953,0.3222222222222222
GAT,44,0.0,True,"{""dropout"": 0.2, ""heads"": 2, ""hidden_channels"": 32, ""inner_score"": 0.5500867799350558, ""learning_rate"": 0.001, ""selected_epochs"": 15, ""weight_decay"": 0.0}",0.6285714285714286,0.5304437564499485,0.5321969696969697,0.5393518518518519
GAT,45,0.0,True,"{""dropout"": 0.2, ""heads"": 2, ""hidden_channels"": 32, ""inner_score"": 0.5208739007574132, ""learning_rate"": 0.001, ""selected_epochs"": 1, ""weight_decay"": 0.0}",0.3684210526315789,0.3214285714285714,0.3214285714285714,0.3214285714285714
GAT,46,0.0,True,"{""dropout"": 0.2, ""heads"": 2, ""hidden_channels"": 32, ""inner_score"": 0.5097606145208945, ""learning_rate"": 0.001, ""selected_epochs"": 1, ""weight_decay"": 0.0}",0.3684210526315789,0.3214285714285714,0.6666666666666666,0.5384615384615384
GAT,47,0.0,True,"{""dropout"": 0.2, ""heads"": 2, ""hidden_channels"": 32, ""inner_score"": 0.4694139027212116, ""learning_rate"": 0.001, ""selected_epochs"": 1, ""weight_decay"": 0.0}",0.3684210526315789,0.2692307692307692,0.20588235294117646,0.3888888888888889
GAT,48,0.0,True,"{""dropout"": 0.2, ""heads"": 2, ""hidden_channels"": 32, ""inner_score"": 0.4836007381891314, ""learning_rate"": 0.001, ""selected_epochs"": 1, ""weight_decay"": 0.0}",0.5,0.3333333333333333,0.5,0.25
GAT,49,0.0,True,"{""dropout"": 0.2, ""heads"": 2, ""hidden_channels"": 32, ""inner_score"": 0.5510197264803706, ""learning_rate"": 0.001, ""selected_epochs"": 1, ""weight_decay"": 0.0}",0.5789473684210527,0.5777777777777777,0.5852272727272727,0.5833333333333333
GAT,50,0.0,True,"{""dropout"": 0.2, ""heads"": 2, ""hidden_channels"": 32, ""inner_score"": 0.525695689808122, ""learning_rate"": 0.001, ""selected_epochs"": 3, ""weight_decay"": 0.0}",0.21052631578947367,0.20168067226890757,0.19886363636363635,0.20555555555555555
GAT,51,0.0,True,"{""dropout"": 0.2, ""heads"": 2, ""hidden_channels"": 32, ""inner_score"": 0.47786945572794054, ""learning_rate"": 0.001, ""selected_epochs"": 1, ""weight_decay"": 0.0}",0.3,0.3,0.3,0.3
GAT,52,0.0,True,"{""dropout"": 0.2, ""heads"": 2, ""hidden_channels"": 32, ""inner_score"": 0.4867660365720435, ""learning_rate"": 0.001, ""selected_epochs"": 1, ""weight_decay"": 0.0}",0.7222222222222222,0.7213622291021672,0.725,0.7222222222222222
GAT,53,0.0,True,"{""dropout"": 0.2, ""heads"": 2, ""hidden_channels"": 32, ""inner_score"": 0.5163633873337862, ""learning_rate"": 0.001, ""selected_epochs"": 8, ""weight_decay"": 0.0}",0.6,0.375,0.3157894736842105,0.46153846153846156
GAT,54,0.0,True,"{""dropout"": 0.2, ""heads"": 2, ""hidden_channels"": 32, ""inner_score"": 0.49540082958092196, ""learning_rate"": 0.001, ""selected_epochs"": 1, ""weight_decay"": 0.0}",0.5,0.4984520123839009,0.5,0.5
GAT,55,0.0,True,"{""dropout"": 0.2, ""heads"": 2, ""hidden_channels"": 32, ""inner_score"": 0.4745021332695458, ""learning_rate"": 0.001, ""selected_epochs"": 1, ""weight_decay"": 0.0}",0.5,0.40476190476190477,0.43137254901960786,0.46464646464646464
GAT,56,0.0,True,"{""dropout"": 0.2, ""heads"": 2, ""hidden_channels"": 32, ""inner_score"": 0.4858053472988207, ""learning_rate"": 0.001, ""selected_epochs"": 2, ""weight_decay"": 0.0}",0.3333333333333333,0.2987012987012987,0.4025974025974026,0.3333333333333333
GAT,57,0.0,True,"{""dropout"": 0.2, ""heads"": 2, ""hidden_channels"": 32, ""inner_score"": 0.465558496484197, ""learning_rate"": 0.001, ""selected_epochs"": 2, ""weight_decay"": 0.0}",0.5555555555555556,0.5555555555555556,0.625,0.625
GAT,58,0.0,True,"{""dropout"": 0.2, ""heads"": 2, ""hidden_channels"": 32, ""inner_score"": 0.5235615844009213, ""learning_rate"": 0.001, ""selected_epochs"": 21, ""weight_decay"": 0.0}",0.6428571428571429,0.391304347826087,0.375,0.4090909090909091
GAT,59,0.0,True,"{""dropout"": 0.2, ""heads"": 2, ""hidden_channels"": 32, ""inner_score"": 0.45973182586259087, ""learning_rate"": 0.001, ""selected_epochs"": 1, ""weight_decay"": 0.0}",0.4,0.375,0.6666666666666666,0.5714285714285714
GAT,60,0.0,True,"{""dropout"": 0.2, ""heads"": 2, ""hidden_channels"": 32, ""inner_score"": 0.5010321128032224, ""learning_rate"": 0.001, ""selected_epochs"": 2, ""weight_decay"": 0.0}",0.6470588235294118,0.575,0.575,0.575
GAT,61,0.0,True,"{""dropout"": 0.2, ""heads"": 2, ""hidden_channels"": 32, ""inner_score"": 0.5004117788526828, ""learning_rate"": 0.001, ""selected_epochs"": 2, ""weight_decay"": 0.0}",0.2777777777777778,0.2571428571428571,0.2532467532467533,0.2625
GAT,62,0.0,True,"{""dropout"": 0.2, ""heads"": 2, ""hidden_channels"": 32, ""inner_score"": 0.5144990518063244, ""learning_rate"": 0.001, ""selected_epochs"": 2, ""weight_decay"": 0.0}",0.4375,0.41700404858299595,0.4375,0.42727272727272725
GAT,63,0.0,True,"{""dropout"": 0.2, ""heads"": 2, ""hidden_channels"": 32, ""inner_score"": 0.49205658720273987, ""learning_rate"": 0.001, ""selected_epochs"": 3, ""weight_decay"": 0.0}",0.42105263157894735,0.42105263157894735,0.4222222222222222,0.4222222222222222
GAT,64,0.0,True,"{""dropout"": 0.2, ""heads"": 2, ""hidden_channels"": 32, ""inner_score"": 0.4669135898476607, ""learning_rate"": 0.001, ""selected_epochs"": 2, ""weight_decay"": 0.0}",0.5,0.4949494949494949,0.5416666666666666,0.5476190476190476
MLP,22,0.0,True,"{""clf__alpha"": 0.0001, ""clf__hidden_layer_sizes"": [128], ""clf__learning_rate_init"": 0.001}",0.47368421052631576,0.4722222222222222,0.4772727272727273,0.4777777777777778
MLP,23,0.0,True,"{""clf__alpha"": 0.0001, ""clf__hidden_layer_sizes"": [128], ""clf__learning_rate_init"": 0.001}",0.5263157894736842,0.5263157894736842,0.5277777777777778,0.5277777777777778
MLP,24,0.0,True,"{""clf__alpha"": 0.0001, ""clf__hidden_layer_sizes"": [128], ""clf__learning_rate_init"": 0.001}",0.5,0.4984520123839009,0.5125,0.512987012987013
MLP,25,0.0,True,"{""clf__alpha"": 0.0001, ""clf__hidden_layer_sizes"": [128], ""clf__learning_rate_init"": 0.001}",0.631578947368421,0.631578947368421,0.7307692307692308,0.7307692307692308
MLP,26,0.0,True,"{""clf__alpha"": 0.0001, ""clf__hidden_layer_sizes"": [128], ""clf__learning_rate_init"": 0.001}",0.7,0.6875,0.8,0.7272727272727273
MLP,27,0.0,True,"{""clf__alpha"": 0.0001, ""clf__hidden_layer_sizes"": [128], ""clf__learning_rate_init"": 0.001}",0.75,0.7442455242966752,0.75,0.7424242424242424
MLP,28,0.0,True,"{""clf__alpha"": 0.0001, ""clf__hidden_layer_sizes"": [128], ""clf__learning_rate_init"": 0.001}",0.5263157894736842,0.47384615384615386,0.5833333333333333,0.5444444444444444
MLP,29,0.0,True,"{""clf__alpha"": 0.0001, ""clf__hidden_layer_sizes"": [128], ""clf__learning_rate_init"": 0.001}",0.42105263157894735,0.39420289855072466,0.3977272727272727,0.39285714285714285
MLP,30,0.0,True,"{""clf__alpha"": 0.0001, ""clf__hidden_layer_sizes"": [128], ""clf__learning_rate_init"": 0.001}",0.631578947368421,0.5907692307692307,0.675,0.6166666666666667
MLP,31,0.0,True,"{""clf__alpha"": 0.0001, ""clf__hidden_layer_sizes"": [128], ""clf__learning_rate_init"": 0.001}",0.5555555555555556,0.5,0.6,0.5555555555555556
MLP,32,0.0,True,"{""clf__alpha"": 0.0001, ""clf__hidden_layer_sizes"": [128], ""clf__learning_rate_init"": 0.001}",0.3157894736842105,0.3081232492997199,0.3833333333333333,0.41025641025641024
MLP,33,0.0,True,"{""clf__alpha"": 0.0001, ""clf__hidden_layer_sizes"": [128], ""clf__learning_rate_init"": 0.001}",0.3684210526315789,0.3522727272727273,0.358974358974359,0.37777777777777777
MLP,34,0.0,True,"{""clf__alpha"": 0.0001, ""clf__hidden_layer_sizes"": [128], ""clf__learning_rate_init"": 0.001}",0.5263157894736842,0.47384615384615386,0.47619047619047616,0.47435897435897434
MLP,35,0.0,True,"{""clf__alpha"": 0.0001, ""clf__hidden_layer_sizes"": [128], ""clf__learning_rate_init"": 0.001}",0.7222222222222222,0.7142857142857142,0.75,0.7222222222222222
MLP,36,0.0,True,"{""clf__alpha"": 0.0001, ""clf__hidden_layer_sizes"": [128], ""clf__learning_rate_init"": 0.001}",0.4,0.375,0.5098039215686274,0.5054945054945055
MLP,37,0.0,True,"{""clf__alpha"": 0.0001, ""clf__hidden_layer_sizes"": [128], ""clf__learning_rate_init"": 0.001}",0.6470588235294118,0.6458333333333333,0.75,0.7272727272727273
MLP,38,0.0,True,"{""clf__alpha"": 0.0001, ""clf__hidden_layer_sizes"": [128], ""clf__learning_rate_init"": 0.001}",0.6,0.5833333333333333,0.5934065934065934,0.5858585858585859
MLP,39,0.0,True,"{""clf__alpha"": 0.0001, ""clf__hidden_layer_sizes"": [128], ""clf__learning_rate_init"": 0.001}",0.6842105263157895,0.6761363636363636,0.6761363636363636,0.6761363636363636
MLP,40,0.0,True,"{""clf__alpha"": 0.0001, ""clf__hidden_layer_sizes"": [128], ""clf__learning_rate_init"": 0.001}",0.5789473684210527,0.5476190476190476,0.75,0.6363636363636364
MLP,41,0.0,True,"{""clf__alpha"": 0.0001, ""clf__hidden_layer_sizes"": [128], ""clf__learning_rate_init"": 0.001}",0.5,0.4791666666666667,0.5,0.5
MLP,42,0.0,True,"{""clf__alpha"": 0.0001, ""clf__hidden_layer_sizes"": [128], ""clf__learning_rate_init"": 0.001}",0.4444444444444444,0.375,0.4444444444444444,0.4
MLP,43,0.0,True,"{""clf__alpha"": 0.0001, ""clf__hidden_layer_sizes"": [128], ""clf__learning_rate_init"": 0.001}",0.42105263157894735,0.42105263157894735,0.4222222222222222,0.4222222222222222
MLP,44,0.0,True,"{""clf__alpha"": 0.0001, ""clf__hidden_layer_sizes"": [128], ""clf__learning_rate_init"": 0.001}",0.5142857142857142,0.38596491228070173,0.39962121212121215,0.3773148148148148
MLP,45,0.0,True,"{""clf__alpha"": 0.0001, ""clf__hidden_layer_sizes"": [128], ""clf__learning_rate_init"": 0.001}",0.21052631578947367,0.20168067226890757,0.21666666666666667,0.19642857142857142
MLP,46,0.0,True,"{""clf__alpha"": 0.0001, ""clf__hidden_layer_sizes"": [128], ""clf__learning_rate_init"": 0.001}",0.6842105263157895,0.6761363636363636,0.6944444444444444,0.7243589743589745
MLP,47,0.0,True,"{""clf__alpha"": 0.0001, ""clf__hidden_layer_sizes"": [128], ""clf__learning_rate_init"": 0.001}",0.6842105263157895,0.6346153846153846,0.8125,0.6666666666666666
MLP,48,0.0,True,"{""clf__alpha"": 0.0001, ""clf__hidden_layer_sizes"": [128], ""clf__learning_rate_init"": 0.001}",1.0,1.0,1.0,1.0
MLP,49,0.0,True,"{""clf__alpha"": 0.0001, ""clf__hidden_layer_sizes"": [128], ""clf__learning_rate_init"": 0.001}",0.631578947368421,0.631578947368421,0.6333333333333333,0.6333333333333333
MLP,50,0.0,True,"{""clf__alpha"": 0.0001, ""clf__hidden_layer_sizes"": [128], ""clf__learning_rate_init"": 0.001}",0.3157894736842105,0.3157894736842105,0.31666666666666665,0.31666666666666665
MLP,51,0.0,True,"{""clf__alpha"": 0.0001, ""clf__hidden_layer_sizes"": [128], ""clf__learning_rate_init"": 0.001}",0.55,0.5396419437340154,0.554945054945055,0.55
MLP,52,0.0,True,"{""clf__alpha"": 0.0001, ""clf__hidden_layer_sizes"": [128], ""clf__learning_rate_init"": 0.001}",0.6666666666666666,0.6666666666666666,0.6666666666666666,0.6666666666666666
MLP,53,0.0,True,"{""clf__alpha"": 0.0001, ""clf__hidden_layer_sizes"": [128], ""clf__learning_rate_init"": 0.001}",0.6,0.5604395604395604,0.5604395604395604,0.5604395604395604
MLP,54,0.0,True,"{""clf__alpha"": 0.0001, ""clf__hidden_layer_sizes"": [128], ""clf__learning_rate_init"": 0.001}",0.7222222222222222,0.6989966555183946,0.7461538461538462,0.7
MLP,55,0.0,True,"{""clf__alpha"": 0.0001, ""clf__hidden_layer_sizes"": [128], ""clf__learning_rate_init"": 0.001}",0.35,0.3350383631713555,0.34523809523809523,0.36868686868686873
MLP,56,0.0,True,"{""clf__alpha"": 0.0001, ""clf__hidden_layer_sizes"": [128], ""clf__learning_rate_init"": 0.001}",0.2777777777777778,0.21739130434782608,0.3125,0.16666666666666666
MLP,57,0.0,True,"{""clf__alpha"": 0.0001, ""clf__hidden_layer_sizes"": [128], ""clf__learning_rate_init"": 0.001}",0.4444444444444444,0.4444444444444444,0.5,0.5
MLP,58,0.0,True,"{""clf__alpha"": 0.0001, ""clf__hidden_layer_sizes"": [128], ""clf__learning_rate_init"": 0.001}",0.7857142857142857,0.6347826086956522,0.6666666666666667,0.6212121212121212
MLP,59,0.0,True,"{""clf__alpha"": 0.0001, ""clf__hidden_layer_sizes"": [128], ""clf__learning_rate_init"": 0.001}",0.35,0.3483709273182957,0.4010989010989011,0.39285714285714285
MLP,60,0.0,True,"{""clf__alpha"": 0.0001, ""clf__hidden_layer_sizes"": [128], ""clf__learning_rate_init"": 0.001}",0.47058823529411764,0.4631578947368421,0.6785714285714286,0.625
MLP,61,0.0,True,"{""clf__alpha"": 0.0001, ""clf__hidden_layer_sizes"": [128], ""clf__learning_rate_init"": 0.001}",0.3888888888888889,0.37142857142857144,0.3701298701298701,0.375
MLP,62,0.0,True,"{""clf__alpha"": 0.0001, ""clf__hidden_layer_sizes"": [128], ""clf__learning_rate_init"": 0.001}",0.625,0.5636363636363637,0.5636363636363637,0.5636363636363637
MLP,63,0.0,True,"{""clf__alpha"": 0.0001, ""clf__hidden_layer_sizes"": [128], ""clf__learning_rate_init"": 0.001}",0.3684210526315789,0.3666666666666667,0.3666666666666667,0.3666666666666667
MLP,64,0.0,True,"{""clf__alpha"": 0.0001, ""clf__hidden_layer_sizes"": [128], ""clf__learning_rate_init"": 0.001}",0.65,0.561128526645768,0.5666666666666667,0.5595238095238095
GCN,22,0.0,True,"{""dropout"": 0.2, ""hidden_channels"": 32, ""inner_score"": 0.45523396063915245, ""learning_rate"": 0.001, ""selected_epochs"": 3, ""weight_decay"": 0.0}",0.47368421052631576,0.32142857142857145,0.23684210526315788,0.5
GCN,23,0.0,True,"{""dropout"": 0.2, ""hidden_channels"": 32, ""inner_score"": 0.4450843591570668, ""learning_rate"": 0.001, ""selected_epochs"": 1, ""weight_decay"": 0.0}",0.3684210526315789,0.3522727272727273,0.358974358974359,0.37777777777777777
GCN,24,0.0,True,"{""dropout"": 0.2, ""hidden_channels"": 32, ""inner_score"": 0.49005748210396805, ""learning_rate"": 0.001, ""selected_epochs"": 1, ""weight_decay"": 0.0}",0.5,0.4581939799331104,0.71875,0.5909090909090909
GCN,25,0.0,True,"{""dropout"": 0.2, ""hidden_channels"": 32, ""inner_score"": 0.4765303670778281, ""learning_rate"": 0.001, ""selected_epochs"": 5, ""weight_decay"": 0.0}",0.47368421052631576,0.4602272727272727,0.6875,0.6153846153846154
GCN,26,0.0,True,"{""dropout"": 0.2, ""hidden_channels"": 32, ""inner_score"": 0.4674984790568799, ""learning_rate"": 0.001, ""selected_epochs"": 5, ""weight_decay"": 0.0}",0.45,0.3103448275862069,0.225,0.5
GCN,27,0.0,True,"{""dropout"": 0.2, ""hidden_channels"": 32, ""inner_score"": 0.4628125719597209, ""learning_rate"": 0.001, ""selected_epochs"": 3, ""weight_decay"": 0.0}",0.4,0.375,0.4,0.4242424242424242
GCN,28,0.0,True,"{""dropout"": 0.2, ""hidden_channels"": 32, ""inner_score"": 0.483848454972744, ""learning_rate"": 0.001, ""selected_epochs"": 2, ""weight_decay"": 0.0}",0.3684210526315789,0.2692307692307692,0.20588235294117646,0.3888888888888889
GCN,29,0.0,True,"{""dropout"": 0.2, ""hidden_channels"": 32, ""inner_score"": 0.4125240914809261, ""learning_rate"": 0.001, ""selected_epochs"": 1, ""weight_decay"": 0.0}",0.42105263157894735,0.35692307692307695,0.6944444444444444,0.5416666666666666
GCN,30,0.0,True,"{""dropout"": 0.2, ""hidden_channels"": 32, ""inner_score"": 0.4169495300820098, ""learning_rate"": 0.001, ""selected_epochs"": 2, ""weight_decay"": 0.0}",0.47368421052631576,0.32142857142857145,0.25,0.45
GCN,31,0.0,True,"{""dropout"": 0.2, ""hidden_channels"": 32, ""inner_score"": 0.4930447519605871, ""learning_rate"": 0.001, ""selected_epochs"": 3, ""weight_decay"": 0.0}",0.5,0.4109090909090909,0.5,0.5
GCN,32,0.0,True,"{""dropout"": 0.2, ""hidden_channels"": 32, ""inner_score"": 0.46747962385791747, ""learning_rate"": 0.001, ""selected_epochs"": 1, ""weight_decay"": 0.0}",0.42105263157894735,0.35692307692307695,0.36309523809523814,0.35256410256410253
GCN,33,0.0,True,"{""dropout"": 0.2, ""hidden_channels"": 32, ""inner_score"": 0.4560794164928623, ""learning_rate"": 0.001, ""selected_epochs"": 1, ""weight_decay"": 0.0}",0.47368421052631576,0.43452380952380953,0.48333333333333334,0.48888888888888893
GCN,34,0.0,True,"{""dropout"": 0.2, ""hidden_channels"": 32, ""inner_score"": 0.468816295638311, ""learning_rate"": 0.001, ""selected_epochs"": 1, ""weight_decay"": 0.0}",0.6842105263157895,0.40625,0.34210526315789475,0.5
GCN,35,0.0,True,"{""dropout"": 0.2, ""hidden_channels"": 32, ""inner_score"": 0.4612082581887951, ""learning_rate"": 0.001, ""selected_epochs"": 1, ""weight_decay"": 0.0}",0.5,0.4984520123839009,0.5,0.5
GCN,36,0.0,True,"{""dropout"": 0.2, ""hidden_channels"": 32, ""inner_score"": 0.44936792736079206, ""learning_rate"": 0.001, ""selected_epochs"": 1, ""weight_decay"": 0.0}",0.2,0.16666666666666666,0.11764705882352941,0.2857142857142857
GCN,37,0.0,True,"{""dropout"": 0.2, ""hidden_channels"": 32, ""inner_score"": 0.4358303515079416, ""learning_rate"": 0.001, ""selected_epochs"": 1, ""weight_decay"": 0.0}",0.35294117647058826,0.2608695652173913,0.17647058823529413,0.5
GCN,38,0.0,True,"{""dropout"": 0.2, ""hidden_channels"": 32, ""inner_score"": 0.4160802257478789, ""learning_rate"": 0.001, ""selected_epochs"": 1, ""weight_decay"": 0.0}",0.5,0.4949494949494949,0.5164835164835164,0.5151515151515151
GCN,39,0.0,True,"{""dropout"": 0.2, ""hidden_channels"": 32, ""inner_score"": 0.46606283402417104, ""learning_rate"": 0.001, ""selected_epochs"": 1, ""weight_decay"": 0.0}",0.47368421052631576,0.43452380952380953,0.4358974358974359,0.4431818181818182
GCN,40,0.0,True,"{""dropout"": 0.2, ""hidden_channels"": 32, ""inner_score"": 0.4362140277675999, ""learning_rate"": 0.001, ""selected_epochs"": 3, ""weight_decay"": 0.0}",0.47368421052631576,0.391025641025641,0.7222222222222222,0.5454545454545454
GCN,41,0.0,True,"{""dropout"": 0.2, ""hidden_channels"": 32, ""inner_score"": 0.43477465515168, ""learning_rate"": 0.001, ""selected_epochs"": 1, ""weight_decay"": 0.0}",0.55,0.4357366771159875,0.43333333333333335,0.44047619047619047
GCN,42,0.0,True,"{""dropout"": 0.2, ""hidden_channels"": 32, ""inner_score"": 0.5014060299247628, ""learning_rate"": 0.001, ""selected_epochs"": 4, ""weight_decay"": 0.0}",0.2777777777777778,0.27554179566563464,0.59375,0.5666666666666667
GCN,43,0.0,True,"{""dropout"": 0.2, ""hidden_channels"": 32, ""inner_score"": 0.4798523610431012, ""learning_rate"": 0.001, ""selected_epochs"": 1, ""weight_decay"": 0.0}",0.5263157894736842,0.5263157894736842,0.5277777777777778,0.5277777777777778
GCN,44,0.0,True,"{""dropout"": 0.2, ""hidden_channels"": 32, ""inner_score"": 0.4894401612605554, ""learning_rate"": 0.001, ""selected_epochs"": 1, ""weight_decay"": 0.0}",0.5142857142857142,0.42176870748299317,0.4405594405594406,0.4212962962962963
GCN,45,0.0,True,"{""dropout"": 0.2, ""hidden_channels"": 32, ""inner_score"": 0.45663529426286315, ""learning_rate"": 0.001, ""selected_epochs"": 2, ""weight_decay"": 0.0}",0.47368421052631576,0.4602272727272727,0.575,0.5535714285714286
GCN,46,0.0,True,"{""dropout"": 0.2, ""hidden_channels"": 32, ""inner_score"": 0.475902812055313, ""learning_rate"": 0.001, ""selected_epochs"": 1, ""weight_decay"": 0.0}",0.2631578947368421,0.24431818181818182,0.29166666666666663,0.3717948717948718
GCN,47,0.0,True,"{""dropout"": 0.2, ""hidden_channels"": 32, ""inner_score"": 0.44168905454214435, ""learning_rate"": 0.001, ""selected_epochs"": 2, ""weight_decay"": 0.0}",0.42105263157894735,0.35692307692307695,0.38541666666666663,0.4388888888888889
GCN,48,0.0,True,"{""dropout"": 0.2, ""hidden_channels"": 32, ""inner_score"": 0.49378108034020424, ""learning_rate"": 0.001, ""selected_epochs"": 4, ""weight_decay"": 0.0}",0.5,0.3333333333333333,0.5,0.25
GCN,49,0.0,True,"{""dropout"": 0.2, ""hidden_channels"": 32, ""inner_score"": 0.445043125698174, ""learning_rate"": 0.001, ""selected_epochs"": 1, ""weight_decay"": 0.0}",0.6842105263157895,0.6607142857142857,0.7214285714285715,0.6722222222222223
GCN,50,0.0,True,"{""dropout"": 0.2, ""hidden_channels"": 32, ""inner_score"": 0.49851056871396454, ""learning_rate"": 0.001, ""selected_epochs"": 1, ""weight_decay"": 0.0}",0.3157894736842105,0.3081232492997199,0.30952380952380953,0.3222222222222222
GCN,51,0.0,True,"{""dropout"": 0.2, ""hidden_channels"": 32, ""inner_score"": 0.4563888870723069, ""learning_rate"": 0.001, ""selected_epochs"": 4, ""weight_decay"": 0.0}",0.6,0.5604395604395604,0.65625,0.6
GCN,52,0.0,True,"{""dropout"": 0.2, ""hidden_channels"": 32, ""inner_score"": 0.4657275987407293, ""learning_rate"": 0.001, ""selected_epochs"": 2, ""weight_decay"": 0.0}",0.5555555555555556,0.5324675324675324,0.5692307692307692,0.5555555555555556
GCN,53,0.0,True,"{""dropout"": 0.2, ""hidden_channels"": 32, ""inner_score"": 0.44587852070497663, ""learning_rate"": 0.001, ""selected_epochs"": 2, ""weight_decay"": 0.0}",0.7,0.53125,0.8421052631578947,0.5714285714285714
GCN,54,0.0,True,"{""dropout"": 0.2, ""hidden_channels"": 32, ""inner_score"": 0.4773595037785591, ""learning_rate"": 0.001, ""selected_epochs"": 6, ""weight_decay"": 0.0}",0.4444444444444444,0.41558441558441556,0.41666666666666663,0.425
GCN,55,0.0,True,"{""dropout"": 0.2, ""hidden_channels"": 32, ""inner_score"": 0.46298737015572516, ""learning_rate"": 0.001, ""selected_epochs"": 2, ""weight_decay"": 0.0}",0.3,0.29292929292929293,0.2967032967032967,0.31313131313131315
GCN,56,0.0,True,"{""dropout"": 0.2, ""hidden_channels"": 32, ""inner_score"": 0.442034358556011, ""learning_rate"": 0.001, ""selected_epochs"": 2, ""weight_decay"": 0.0}",0.5555555555555556,0.5,0.5555555555555556,0.6
GCN,57,0.0,True,"{""dropout"": 0.2, ""hidden_channels"": 32, ""inner_score"": 0.4382391552345692, ""learning_rate"": 0.001, ""selected_epochs"": 1, ""weight_decay"": 0.0}",0.5555555555555556,0.5,0.5,0.5
GCN,58,0.0,True,"{""dropout"": 0.2, ""hidden_channels"": 32, ""inner_score"": 0.46087289313918883, ""learning_rate"": 0.001, ""selected_epochs"": 1, ""weight_decay"": 0.0}",0.5,0.47593582887700536,0.5416666666666667,0.5606060606060606
GCN,59,0.0,True,"{""dropout"": 0.2, ""hidden_channels"": 32, ""inner_score"": 0.4416003576567113, ""learning_rate"": 0.001, ""selected_epochs"": 2, ""weight_decay"": 0.0}",0.3,0.27083333333333337,0.3,0.2619047619047619
GCN,60,0.0,True,"{""dropout"": 0.2, ""hidden_channels"": 32, ""inner_score"": 0.48194946338570716, ""learning_rate"": 0.001, ""selected_epochs"": 7, ""weight_decay"": 0.0}",0.5882352941176471,0.5824561403508772,0.6285714285714286,0.65
GCN,61,0.0,True,"{""dropout"": 0.2, ""hidden_channels"": 32, ""inner_score"": 0.4836516526453627, ""learning_rate"": 0.001, ""selected_epochs"": 2, ""weight_decay"": 0.0}",0.5555555555555556,0.55,0.55,0.55
GCN,62,0.0,True,"{""dropout"": 0.2, ""hidden_channels"": 32, ""inner_score"": 0.5236288901584624, ""learning_rate"": 0.001, ""selected_epochs"": 1, ""weight_decay"": 0.0}",0.3125,0.23809523809523808,0.15625,0.5
GCN,63,0.0,True,"{""dropout"": 0.2, ""hidden_channels"": 32, ""inner_score"": 0.4247655515359434, ""learning_rate"": 0.001, ""selected_epochs"": 2, ""weight_decay"": 0.0}",0.3684210526315789,0.3666666666666667,0.3666666666666667,0.3666666666666667
GCN,64,0.0,True,"{""dropout"": 0.2, ""hidden_channels"": 32, ""inner_score"": 0.4262445585649182, ""learning_rate"": 0.001, ""selected_epochs"": 1, ""weight_decay"": 0.0}",0.65,0.3939393939393939,0.34210526315789475,0.4642857142857143
