model,subject_id,threshold_used,neutral_label_removed,best_params,mae,rmse,r2
SVM,22,5,True,"{'clf__C': 1, 'clf__gamma': 'scale', 'clf__kernel': 'rbf'}",0.8298692503341383,0.9801599347474304,-0.01408646977764727
SVM,23,5,True,"{'clf__C': 1, 'clf__gamma': 'scale', 'clf__kernel': 'rbf'}",0.9812954538043357,1.078542565135801,-0.22787929063247492
SVM,24,5,True,"{'clf__C': 1, 'clf__gamma': 'scale', 'clf__kernel': 'rbf'}",0.9448258596276544,1.077768548728311,-0.22991357666486678
SVM,25,5,True,"{'clf__C': 1, 'clf__gamma': 'scale', 'clf__kernel': 'rbf'}",0.897203357166131,1.1502987979399328,-0.3966977314610578
SVM,26,5,True,"{'clf__C': 1, 'clf__gamma': 'scale', 'clf__kernel': 'rbf'}",0.759760378000469,0.9251862801087518,0.09897931273529503
SVM,27,5,True,"{'clf__C': 1, 'clf__gamma': 'scale', 'clf__kernel': 'rbf'}",0.8988142380535592,1.040129914675695,-0.13881077831923072
SVM,28,5,True,"{'clf__C': 1, 'clf__gamma': 'scale', 'clf__kernel': 'rbf'}",0.850618234468895,0.9644606990399704,0.018138646674405567
SVM,29,5,True,"{'clf__C': 1, 'clf__gamma': 'scale', 'clf__kernel': 'rbf'}",0.9141103664389734,1.1566625042961898,-0.4121941571138843
SVM,30,5,True,"{'clf__C': 1, 'clf__gamma': 'scale', 'clf__kernel': 'rbf'}",0.8145159250306784,0.9468515670925821,0.053665004888450274
SVM,31,5,True,"{'clf__C': 1, 'clf__gamma': 'scale', 'clf__kernel': 'rbf'}",0.8490025830256003,0.9198351154539195,0.10413296981186748
SVM,32,5,True,"{'clf__C': 1, 'clf__gamma': 'scale', 'clf__kernel': 'rbf'}",0.7381507146519489,0.8346549426417346,0.2646484115417076
SVM,33,5,True,"{'clf__C': 1, 'clf__gamma': 'scale', 'clf__kernel': 'rbf'}",0.6592170391768415,0.774728132582965,0.3664516717280958
SVM,34,5,True,"{'clf__C': 1, 'clf__gamma': 'scale', 'clf__kernel': 'rbf'}",0.8907920703488011,1.1136481208182645,-0.30911281127994306
SVM,35,5,True,"{'clf__C': 1, 'clf__gamma': 'scale', 'clf__kernel': 'rbf'}",0.7067564793288859,0.8454520147305927,0.2431644725990394
SVM,36,5,True,"{'clf__C': 1, 'clf__gamma': 'scale', 'clf__kernel': 'rbf'}",0.846944989502815,1.0743976857172162,-0.21508461797316825
SVM,37,5,True,"{'clf__C': 1, 'clf__gamma': 'scale', 'clf__kernel': 'rbf'}",0.8974188630404579,1.1627173230579673,-0.43640604667277816
SVM,38,5,True,"{'clf__C': 1, 'clf__gamma': 'scale', 'clf__kernel': 'rbf'}",0.769960903406963,0.880761663374037,0.1834304129795783
SVM,39,5,True,"{'clf__C': 1, 'clf__gamma': 'scale', 'clf__kernel': 'rbf'}",0.7559852031251648,0.8785723017184305,0.18522797235613375
SVM,40,5,True,"{'clf__C': 1, 'clf__gamma': 'scale', 'clf__kernel': 'rbf'}",0.8689172381871906,1.0314626249581678,-0.12302154372368279
SVM,41,5,True,"{'clf__C': 1, 'clf__gamma': 'scale', 'clf__kernel': 'rbf'}",0.7573104474108718,0.9042028900364442,0.1393864564734124
SVM,42,5,True,"{'clf__C': 1, 'clf__gamma': 'scale', 'clf__kernel': 'rbf'}",0.736198457015989,1.0295954603022968,-0.1224236831618688
SVM,43,5,True,"{'clf__C': 1, 'clf__gamma': 'scale', 'clf__kernel': 'rbf'}",0.855052063465706,0.9856634558754452,-0.025506473151010622
SVM,44,5,True,"{'clf__C': 1, 'clf__gamma': 'scale', 'clf__kernel': 'rbf'}",0.7693345329869815,1.0461552124777038,-0.1266301617882184
SVM,45,5,True,"{'clf__C': 1, 'clf__gamma': 'scale', 'clf__kernel': 'rbf'}",0.7669213748966489,0.9279691176893268,0.09103294531571948
SVM,46,5,True,"{'clf__C': 1, 'clf__gamma': 'scale', 'clf__kernel': 'rbf'}",0.7470299422767396,0.8861637065257161,0.17108687886086027
SVM,47,5,True,"{'clf__C': 1, 'clf__gamma': 'scale', 'clf__kernel': 'rbf'}",0.8758713392735089,1.0274518646816626,-0.1143049639177045
SVM,48,5,True,"{'clf__C': 1, 'clf__gamma': 'scale', 'clf__kernel': 'rbf'}",0.27065386436689953,0.31559675354588645,0.0
SVM,49,5,True,"{'clf__C': 1, 'clf__gamma': 'scale', 'clf__kernel': 'rbf'}",0.8219119785337888,0.9950931184313749,-0.045221998480004855
SVM,50,5,True,"{'clf__C': 1, 'clf__gamma': 'scale', 'clf__kernel': 'rbf'}",0.8476351680742245,1.0324629148688558,-0.12520076338946629
SVM,51,5,True,"{'clf__C': 1, 'clf__gamma': 'scale', 'clf__kernel': 'rbf'}",0.8852256070691379,1.0175350448623777,-0.08987112370850636
SVM,52,5,True,"{'clf__C': 1, 'clf__gamma': 'scale', 'clf__kernel': 'rbf'}",0.8440627664709485,0.9714670930797527,0.0007370804198326697
SVM,53,5,True,"{'clf__C': 1, 'clf__gamma': 'scale', 'clf__kernel': 'rbf'}",0.8591921104515752,1.0910942277619413,-0.253143804058344
SVM,54,5,True,"{'clf__C': 1, 'clf__gamma': 'scale', 'clf__kernel': 'rbf'}",0.8983410639194938,1.0871626413894362,-0.2514474681759651
SVM,55,5,True,"{'clf__C': 1, 'clf__gamma': 'scale', 'clf__kernel': 'rbf'}",0.8176626221242301,0.9268570453510967,0.09572212366635258
SVM,56,5,True,"{'clf__C': 1, 'clf__gamma': 'scale', 'clf__kernel': 'rbf'}",0.8930170219023403,1.1081240799300198,-0.3001706810219742
SVM,57,5,True,"{'clf__C': 1, 'clf__gamma': 'scale', 'clf__kernel': 'rbf'}",0.9233874433919989,1.099431076526891,-0.2798515562703183
SVM,58,5,True,"{'clf__C': 1, 'clf__gamma': 'scale', 'clf__kernel': 'rbf'}",0.5974584583497471,0.7477685702580639,0.39783002420607294
SVM,59,5,True,"{'clf__C': 1, 'clf__gamma': 'scale', 'clf__kernel': 'rbf'}",0.830354369417438,0.9528275597455127,0.044336464620432725
SVM,60,5,True,"{'clf__C': 1, 'clf__gamma': 'scale', 'clf__kernel': 'rbf'}",0.8370712877117147,0.976599088285599,-0.013354890442780043
SVM,61,5,True,"{'clf__C': 1, 'clf__gamma': 'scale', 'clf__kernel': 'rbf'}",0.7725647518022555,0.8983870420375953,0.1454242946224069
SVM,62,5,True,"{'clf__C': 1, 'clf__gamma': 'scale', 'clf__kernel': 'rbf'}",0.7526593051660636,1.0177694185838884,-0.1049115620315586
SVM,63,5,True,"{'clf__C': 1, 'clf__gamma': 'scale', 'clf__kernel': 'rbf'}",0.6845371761616251,0.8851017083131374,0.17307246404900845
SVM,64,5,True,"{'clf__C': 1, 'clf__gamma': 'scale', 'clf__kernel': 'rbf'}",0.7389543492537666,0.9434433419415272,0.06306806373284457
Random Forest,22,5,True,"{'clf__max_depth': 5, 'clf__max_features': 'sqrt', 'clf__min_samples_leaf': 2, 'clf__n_estimators': 200}",0.7576865917827987,0.9355788335856077,0.07606403759918257
Random Forest,23,5,True,"{'clf__max_depth': 5, 'clf__max_features': 'sqrt', 'clf__min_samples_leaf': 1, 'clf__n_estimators': 100}",0.8432898952563469,0.953156666391851,0.04101972316348346
Random Forest,24,5,True,"{'clf__max_depth': 5, 'clf__max_features': 'sqrt', 'clf__min_samples_leaf': 2, 'clf__n_estimators': 200}",0.8906467008342419,1.0117664520782668,-0.08388731552463424
Random Forest,25,5,True,"{'clf__max_depth': 5, 'clf__max_features': 'sqrt', 'clf__min_samples_leaf': 2, 'clf__n_estimators': 100}",0.7777731310801904,0.9831692292635769,-0.020322940780221233
Random Forest,26,5,True,"{'clf__max_depth': 5, 'clf__max_features': 'sqrt', 'clf__min_samples_leaf': 2, 'clf__n_estimators': 100}",0.8048249324680427,0.9948041678375058,-0.04172140247039202
Random Forest,27,5,True,"{'clf__max_depth': 5, 'clf__max_features': 'sqrt', 'clf__min_samples_leaf': 2, 'clf__n_estimators': 200}",0.8963565715599969,0.9610086499684779,0.02785513124817196
Random Forest,28,5,True,"{'clf__max_depth': 5, 'clf__max_features': 'sqrt', 'clf__min_samples_leaf': 2, 'clf__n_estimators': 200}",0.9026657231741403,0.9643676743028766,0.018328043690753137
Random Forest,29,5,True,"{'clf__max_depth': 5, 'clf__max_features': 'sqrt', 'clf__min_samples_leaf': 1, 'clf__n_estimators': 200}",0.7651791552801885,1.005130106699862,-0.0664135609163905
Random Forest,30,5,True,"{'clf__max_depth': 5, 'clf__max_features': 'sqrt', 'clf__min_samples_leaf': 1, 'clf__n_estimators': 100}",0.7616940718667192,0.9239725911366518,0.09884546476312273
Random Forest,31,5,True,"{'clf__max_depth': 5, 'clf__max_features': 'sqrt', 'clf__min_samples_leaf': 1, 'clf__n_estimators': 100}",0.8651224937086236,0.9262434222238457,0.09160683589218
Random Forest,32,5,True,"{'clf__max_depth': 10, 'clf__max_features': 'sqrt', 'clf__min_samples_leaf': 1, 'clf__n_estimators': 100}",0.7815029003888365,0.9212695392211511,0.10411034922009532
Random Forest,33,5,True,"{'clf__max_depth': 5, 'clf__max_features': 'sqrt', 'clf__min_samples_leaf': 2, 'clf__n_estimators': 200}",0.8291426804191029,0.9129638842864743,0.12019122076569488
Random Forest,34,5,True,"{'clf__max_depth': 10, 'clf__max_features': 'sqrt', 'clf__min_samples_leaf': 2, 'clf__n_estimators': 100}",0.7181656973218151,0.973613819106981,-0.000586305909196394
Random Forest,35,5,True,"{'clf__max_depth': 10, 'clf__max_features': 'sqrt', 'clf__min_samples_leaf': 1, 'clf__n_estimators': 200}",0.8133474882755216,0.8912620596982936,0.15892558452719951
Random Forest,36,5,True,"{'clf__max_depth': 5, 'clf__max_features': 'sqrt', 'clf__min_samples_leaf': 2, 'clf__n_estimators': 100}",0.8055823446506665,0.9829274926918573,-0.016996269357369753
Random Forest,37,5,True,"{'clf__max_depth': 10, 'clf__max_features': 'sqrt', 'clf__min_samples_leaf': 1, 'clf__n_estimators': 100}",0.8279162258958015,1.0549783229852092,-0.1825404658417269
Random Forest,38,5,True,"{'clf__max_depth': 5, 'clf__max_features': 'sqrt', 'clf__min_samples_leaf': 1, 'clf__n_estimators': 100}",0.7712613024847522,0.9182930701646745,0.11235561819740625
Random Forest,39,5,True,"{'clf__max_depth': 10, 'clf__max_features': 'sqrt', 'clf__min_samples_leaf': 1, 'clf__n_estimators': 100}",0.8249406662435952,0.9803870346561632,-0.014556445373121507
Random Forest,40,5,True,"{'clf__max_depth': 5, 'clf__max_features': 'sqrt', 'clf__min_samples_leaf': 2, 'clf__n_estimators': 200}",0.8551942925954199,0.9711326887239657,0.0045069287190808716
Random Forest,41,5,True,"{'clf__max_depth': 5, 'clf__max_features': 'sqrt', 'clf__min_samples_leaf': 2, 'clf__n_estimators': 200}",0.7409797349708036,0.9765167256649908,-0.0037735952668160877
Random Forest,42,5,True,"{'clf__max_depth': 10, 'clf__max_features': 'sqrt', 'clf__min_samples_leaf': 1, 'clf__n_estimators': 100}",0.6378671154407356,0.9915948556239685,-0.041099202270502566
Random Forest,43,5,True,"{'clf__max_depth': 10, 'clf__max_features': 'sqrt', 'clf__min_samples_leaf': 2, 'clf__n_estimators': 100}",0.8632716573422202,0.9551231495299615,0.037058645300409476
Random Forest,44,5,True,"{'clf__max_depth': 10, 'clf__max_features': 'sqrt', 'clf__min_samples_leaf': 1, 'clf__n_estimators': 200}",0.6422131057776659,0.9802452751027216,0.010858000657577582
Random Forest,45,5,True,"{'clf__max_depth': 10, 'clf__max_features': 'sqrt', 'clf__min_samples_leaf': 2, 'clf__n_estimators': 100}",0.7318485960751848,0.890440212294638,0.16306712990249517
Random Forest,46,5,True,"{'clf__max_depth': 10, 'clf__max_features': 'sqrt', 'clf__min_samples_leaf': 2, 'clf__n_estimators': 200}",0.8207309577710196,0.9318899760403503,0.08333557658637725
Random Forest,47,5,True,"{'clf__max_depth': 5, 'clf__max_features': 'sqrt', 'clf__min_samples_leaf': 1, 'clf__n_estimators': 100}",0.9310415212310836,1.0295340593203395,-0.11882595592842815
Random Forest,48,5,True,"{'clf__max_depth': 5, 'clf__max_features': 'sqrt', 'clf__min_samples_leaf': 1, 'clf__n_estimators': 100}",0.1350563594753822,0.15584997534296743,0.0
Random Forest,49,5,True,"{'clf__max_depth': 5, 'clf__max_features': 'sqrt', 'clf__min_samples_leaf': 1, 'clf__n_estimators': 100}",0.9013723970551473,1.0128595170199837,-0.08287797906339622
Random Forest,50,5,True,"{'clf__max_depth': 10, 'clf__max_features': 'sqrt', 'clf__min_samples_leaf': 2, 'clf__n_estimators': 200}",0.7942677147093972,1.0072705802227384,-0.07096035632571085
Random Forest,51,5,True,"{'clf__max_depth': 10, 'clf__max_features': 'sqrt', 'clf__min_samples_leaf': 1, 'clf__n_estimators': 100}",0.9108068695132184,1.0271298525000405,-0.11052182515447906
Random Forest,52,5,True,"{'clf__max_depth': 10, 'clf__max_features': 'sqrt', 'clf__min_samples_leaf': 2, 'clf__n_estimators': 200}",0.8224828473110031,0.9680280279834922,0.0077994862759437344
Random Forest,53,5,True,"{'clf__max_depth': 5, 'clf__max_features': 'sqrt', 'clf__min_samples_leaf': 1, 'clf__n_estimators': 100}",0.75347649603906,0.957459281827519,0.035022866991927915
Random Forest,54,5,True,"{'clf__max_depth': 10, 'clf__max_features': 'sqrt', 'clf__min_samples_leaf': 2, 'clf__n_estimators': 200}",0.7445641990498076,0.9663703675605205,0.011194684036293978
Random Forest,55,5,True,"{'clf__max_depth': 5, 'clf__max_features': 'sqrt', 'clf__min_samples_leaf': 2, 'clf__n_estimators': 200}",0.8826097004948936,0.9549381789984754,0.040097972937974125
Random Forest,56,5,True,"{'clf__max_depth': 5, 'clf__max_features': 'sqrt', 'clf__min_samples_leaf': 1, 'clf__n_estimators': 200}",0.7078930346208809,0.9627660605856655,0.018556895677555918
Random Forest,57,5,True,"{'clf__max_depth': 5, 'clf__max_features': 'sqrt', 'clf__min_samples_leaf': 1, 'clf__n_estimators': 200}",0.792982281401614,0.9676894442578318,0.008493441793849144
Random Forest,58,5,True,"{'clf__max_depth': 10, 'clf__max_features': 'sqrt', 'clf__min_samples_leaf': 2, 'clf__n_estimators': 200}",0.6463130338210907,0.8213746470416472,0.2734470499046866
Random Forest,59,5,True,"{'clf__max_depth': 5, 'clf__max_features': 'sqrt', 'clf__min_samples_leaf': 2, 'clf__n_estimators': 200}",0.8278504808081373,0.969773983381554,0.010040443322392512
Random Forest,60,5,True,"{'clf__max_depth': 10, 'clf__max_features': 'sqrt', 'clf__min_samples_leaf': 2, 'clf__n_estimators': 200}",0.8217660973220018,0.9837844127372577,-0.028321256416340646
Random Forest,61,5,True,"{'clf__max_depth': 5, 'clf__max_features': 'sqrt', 'clf__min_samples_leaf': 1, 'clf__n_estimators': 100}",0.7602177614471298,0.9439677016378485,0.05650880051541429
Random Forest,62,5,True,"{'clf__max_depth': 5, 'clf__max_features': 'sqrt', 'clf__min_samples_leaf': 1, 'clf__n_estimators': 200}",0.76303071645813,0.9453814419248372,0.046670857881723427
Random Forest,63,5,True,"{'clf__max_depth': 10, 'clf__max_features': 'sqrt', 'clf__min_samples_leaf': 2, 'clf__n_estimators': 100}",0.7473823244052269,0.8584721928562307,0.22208246598664882
Random Forest,64,5,True,"{'clf__max_depth': 10, 'clf__max_features': 'sqrt', 'clf__min_samples_leaf': 2, 'clf__n_estimators': 200}",0.7208962378889523,0.9621132209359524,0.02561910536868095
KNN,22,5,True,"{'clf__n_neighbors': 7, 'clf__p': 2, 'clf__weights': 'uniform'}",0.7764980425908997,1.0078689017150777,-0.07223304099126526
KNN,23,5,True,"{'clf__n_neighbors': 7, 'clf__p': 2, 'clf__weights': 'uniform'}",0.9378694090321892,1.0623919186773427,-0.19138084380819942
KNN,24,5,True,"{'clf__n_neighbors': 7, 'clf__p': 1, 'clf__weights': 'uniform'}",0.8657861051971988,1.0061932198957773,-0.07197919551506882
KNN,25,5,True,"{'clf__n_neighbors': 7, 'clf__p': 1, 'clf__weights': 'uniform'}",0.9426477120737706,1.1643580989839277,-0.43104810392888093
KNN,26,5,True,"{'clf__n_neighbors': 7, 'clf__p': 1, 'clf__weights': 'uniform'}",0.7643689171782899,0.8977241622920008,0.15167508256539508
KNN,27,5,True,"{'clf__n_neighbors': 7, 'clf__p': 1, 'clf__weights': 'uniform'}",0.9057543537187813,1.0121320565463054,-0.07832768409332003
KNN,28,5,True,"{'clf__n_neighbors': 7, 'clf__p': 1, 'clf__weights': 'uniform'}",0.8539827096829428,0.9840807631459096,-0.02221577886016024
KNN,29,5,True,"{'clf__n_neighbors': 7, 'clf__p': 1, 'clf__weights': 'uniform'}",0.9423660852054504,1.2104187661250618,-0.5465087887981452
KNN,30,5,True,"{'clf__n_neighbors': 7, 'clf__p': 2, 'clf__weights': 'uniform'}",0.7856223508893809,0.9490847704823668,0.04919577057390134
KNN,31,5,True,"{'clf__n_neighbors': 7, 'clf__p': 1, 'clf__weights': 'uniform'}",0.8202307990985321,0.9454855318371166,0.05347223315060767
KNN,32,5,True,"{'clf__n_neighbors': 7, 'clf__p': 1, 'clf__weights': 'uniform'}",0.8904967446829419,1.032826653924326,-0.1259937246707703
KNN,33,5,True,"{'clf__n_neighbors': 7, 'clf__p': 1, 'clf__weights': 'uniform'}",0.7559949389789978,0.9086022188126809,0.12857767507804396
KNN,34,5,True,"{'clf__n_neighbors': 7, 'clf__p': 1, 'clf__weights': 'uniform'}",0.7661416344661894,0.9991124249876878,-0.053682617640598895
KNN,35,5,True,"{'clf__n_neighbors': 7, 'clf__p': 2, 'clf__weights': 'distance'}",0.8891353273142136,0.987314044664645,-0.03212955354453473
KNN,36,5,True,"{'clf__n_neighbors': 7, 'clf__p': 1, 'clf__weights': 'uniform'}",0.7652443404985418,0.9750978149426327,-0.0008586828483123643
KNN,37,5,True,"{'clf__n_neighbors': 7, 'clf__p': 2, 'clf__weights': 'uniform'}",0.9862476107621506,1.2945990927400237,-0.780735986605998
KNN,38,5,True,"{'clf__n_neighbors': 7, 'clf__p': 1, 'clf__weights': 'uniform'}",0.7614190036637437,0.8496587771650547,0.24008417093303558
KNN,39,5,True,"{'clf__n_neighbors': 7, 'clf__p': 2, 'clf__weights': 'uniform'}",0.858939147606411,1.0669284551163591,-0.20157723546681305
KNN,40,5,True,"{'clf__n_neighbors': 7, 'clf__p': 1, 'clf__weights': 'uniform'}",0.9135825437491385,1.0571728144795818,-0.17970404632327397
KNN,41,5,True,"{'clf__n_neighbors': 7, 'clf__p': 1, 'clf__weights': 'uniform'}",0.8494398890811082,1.0084852389442274,-0.07057102859831121
KNN,42,5,True,"{'clf__n_neighbors': 7, 'clf__p': 1, 'clf__weights': 'uniform'}",0.6750294767051286,0.951280010624679,0.04183494970272883
KNN,43,5,True,"{'clf__n_neighbors': 7, 'clf__p': 2, 'clf__weights': 'uniform'}",0.8655477079664381,0.9835983213401632,-0.02121374984003066
KNN,44,5,True,"{'clf__n_neighbors': 7, 'clf__p': 1, 'clf__weights': 'distance'}",0.8302489931065552,1.1379368647837342,-0.33298561141718275
KNN,45,5,True,"{'clf__n_neighbors': 7, 'clf__p': 2, 'clf__weights': 'uniform'}",0.8781674276191783,1.021971290668802,-0.10244894778188307
KNN,46,5,True,"{'clf__n_neighbors': 7, 'clf__p': 1, 'clf__weights': 'distance'}",0.9755555917927068,1.0772512734887205,-0.2249408788015741
KNN,47,5,True,"{'clf__n_neighbors': 7, 'clf__p': 1, 'clf__weights': 'distance'}",0.82319600556653,1.0485925840469528,-0.1606323188359473
KNN,48,5,True,"{'clf__n_neighbors': 7, 'clf__p': 2, 'clf__weights': 'distance'}",0.06837513635440798,0.0916830076096698,0.0
KNN,49,5,True,"{'clf__n_neighbors': 7, 'clf__p': 1, 'clf__weights': 'distance'}",0.8577501351137107,1.019675407363797,-0.09750115507044343
KNN,50,5,True,"{'clf__n_neighbors': 7, 'clf__p': 1, 'clf__weights': 'distance'}",0.8319608743169348,1.0598216929397872,-0.1856232442049659
KNN,51,5,True,"{'clf__n_neighbors': 7, 'clf__p': 1, 'clf__weights': 'distance'}",0.9438467053278643,1.0625019202739314,-0.18832666377451734
KNN,52,5,True,"{'clf__n_neighbors': 7, 'clf__p': 1, 'clf__weights': 'uniform'}",0.8755799650182223,0.9717460086375327,0.00016320614979037362
KNN,53,5,True,"{'clf__n_neighbors': 7, 'clf__p': 1, 'clf__weights': 'uniform'}",0.8134591198478676,1.0184810659007828,-0.09189861220883633
KNN,54,5,True,"{'clf__n_neighbors': 7, 'clf__p': 1, 'clf__weights': 'uniform'}",0.6852997982440991,0.9688395925573166,0.006135128828276937
KNN,55,5,True,"{'clf__n_neighbors': 7, 'clf__p': 2, 'clf__weights': 'uniform'}",0.8001166011140028,0.9401372056878675,0.06962319419095586
KNN,56,5,True,"{'clf__n_neighbors': 7, 'clf__p': 1, 'clf__weights': 'uniform'}",0.8842986010042112,1.1068035132162766,-0.2970736649189456
KNN,57,5,True,"{'clf__n_neighbors': 7, 'clf__p': 1, 'clf__weights': 'uniform'}",1.0212761179468821,1.1583184407245641,-0.42062523424744347
KNN,58,5,True,"{'clf__n_neighbors': 7, 'clf__p': 1, 'clf__weights': 'distance'}",0.663680407068788,0.808896275514031,0.29535503203333824
KNN,59,5,True,"{'clf__n_neighbors': 7, 'clf__p': 1, 'clf__weights': 'uniform'}",0.782630088490433,0.9886154308617605,-0.028800494882089467
KNN,60,5,True,"{'clf__n_neighbors': 7, 'clf__p': 1, 'clf__weights': 'distance'}",0.8786585468828062,1.0497257097576291,-0.17079431983404358
KNN,61,5,True,"{'clf__n_neighbors': 7, 'clf__p': 1, 'clf__weights': 'uniform'}",0.7562559916925715,0.9589724423294735,0.026276081608682667
KNN,62,5,True,"{'clf__n_neighbors': 7, 'clf__p': 1, 'clf__weights': 'distance'}",0.7158909737457252,0.9993430265473459,-0.0652655836893965
KNN,63,5,True,"{'clf__n_neighbors': 7, 'clf__p': 2, 'clf__weights': 'uniform'}",0.8068485774303528,0.976261013047401,-0.006034763685023092
KNN,64,5,True,"{'clf__n_neighbors': 7, 'clf__p': 1, 'clf__weights': 'uniform'}",0.8229354960353437,1.026492765842387,-0.10914462981763573
XGBoost,22,5,True,"{'clf__colsample_bytree': 0.85, 'clf__learning_rate': 0.05, 'clf__max_depth': 2, 'clf__min_child_weight': 1, 'clf__n_estimators': 100, 'clf__reg_alpha': 0.01, 'clf__reg_lambda': 1, 'clf__subsample': 0.85}",0.7203091055559824,0.8664881635583822,0.20748705476951257
XGBoost,23,5,True,"{'clf__colsample_bytree': 0.85, 'clf__learning_rate': 0.05, 'clf__max_depth': 2, 'clf__min_child_weight': 1, 'clf__n_estimators': 100, 'clf__reg_alpha': 0.01, 'clf__reg_lambda': 1, 'clf__subsample': 0.85}",0.7914566287207854,0.903704068451064,0.13794778759082793
XGBoost,24,5,True,"{'clf__colsample_bytree': 0.85, 'clf__learning_rate': 0.05, 'clf__max_depth': 2, 'clf__min_child_weight': 1, 'clf__n_estimators': 100, 'clf__reg_alpha': 0, 'clf__reg_lambda': 1, 'clf__subsample': 0.85}",0.9176141236504635,1.042027174535198,-0.14969243437979673
XGBoost,25,5,True,"{'clf__colsample_bytree': 0.85, 'clf__learning_rate': 0.05, 'clf__max_depth': 2, 'clf__min_child_weight': 1, 'clf__n_estimators': 100, 'clf__reg_alpha': 0, 'clf__reg_lambda': 2, 'clf__subsample': 0.85}",0.778690119492356,0.9869788293045654,-0.028245387800711175
XGBoost,26,5,True,"{'clf__colsample_bytree': 0.85, 'clf__learning_rate': 0.05, 'clf__max_depth': 2, 'clf__min_child_weight': 1, 'clf__n_estimators': 100, 'clf__reg_alpha': 0.01, 'clf__reg_lambda': 2, 'clf__subsample': 0.85}",0.8035416508877592,0.9792073225138419,-0.009312611015502181
XGBoost,27,5,True,"{'clf__colsample_bytree': 0.85, 'clf__learning_rate': 0.05, 'clf__max_depth': 2, 'clf__min_child_weight': 1, 'clf__n_estimators': 100, 'clf__reg_alpha': 0, 'clf__reg_lambda': 1, 'clf__subsample': 0.85}",0.8769601683221637,0.9508799181786013,0.048239348636480384
XGBoost,28,5,True,"{'clf__colsample_bytree': 0.85, 'clf__learning_rate': 0.05, 'clf__max_depth': 2, 'clf__min_child_weight': 1, 'clf__n_estimators': 100, 'clf__reg_alpha': 0, 'clf__reg_lambda': 1, 'clf__subsample': 0.85}",0.8924953431114702,0.9431633511660082,0.061023053740488664
XGBoost,29,5,True,"{'clf__colsample_bytree': 0.85, 'clf__learning_rate': 0.05, 'clf__max_depth': 3, 'clf__min_child_weight': 1, 'clf__n_estimators': 100, 'clf__reg_alpha': 0.01, 'clf__reg_lambda': 2, 'clf__subsample': 0.85}",0.871143739487305,1.0877379625504604,-0.2489057571275055
XGBoost,30,5,True,"{'clf__colsample_bytree': 0.85, 'clf__learning_rate': 0.05, 'clf__max_depth': 2, 'clf__min_child_weight': 1, 'clf__n_estimators': 100, 'clf__reg_alpha': 0, 'clf__reg_lambda': 1, 'clf__subsample': 0.85}",0.7827529179582556,0.9356639321059853,0.07589595094240842
XGBoost,31,5,True,"{'clf__colsample_bytree': 0.85, 'clf__learning_rate': 0.05, 'clf__max_depth': 3, 'clf__min_child_weight': 3, 'clf__n_estimators': 100, 'clf__reg_alpha': 0, 'clf__reg_lambda': 2, 'clf__subsample': 0.85}",0.852826948376237,0.9205140578226882,0.10280997931262115
XGBoost,32,5,True,"{'clf__colsample_bytree': 0.85, 'clf__learning_rate': 0.05, 'clf__max_depth': 3, 'clf__min_child_weight': 3, 'clf__n_estimators': 100, 'clf__reg_alpha': 0, 'clf__reg_lambda': 1, 'clf__subsample': 0.85}",0.7673071749941274,0.9076422963781186,0.1304179874824256
XGBoost,33,5,True,"{'clf__colsample_bytree': 0.85, 'clf__learning_rate': 0.05, 'clf__max_depth': 3, 'clf__min_child_weight': 1, 'clf__n_estimators': 100, 'clf__reg_alpha': 0.01, 'clf__reg_lambda': 1, 'clf__subsample': 0.85}",0.827550100133362,0.9277650868546847,0.0914326071476036
XGBoost,34,5,True,"{'clf__colsample_bytree': 0.85, 'clf__learning_rate': 0.05, 'clf__max_depth': 2, 'clf__min_child_weight': 1, 'clf__n_estimators': 100, 'clf__reg_alpha': 0.01, 'clf__reg_lambda': 1, 'clf__subsample': 0.85}",0.7108916152865339,0.9694978945454549,0.007855712053704167
XGBoost,35,5,True,"{'clf__colsample_bytree': 0.85, 'clf__learning_rate': 0.05, 'clf__max_depth': 2, 'clf__min_child_weight': 1, 'clf__n_estimators': 100, 'clf__reg_alpha': 0.01, 'clf__reg_lambda': 1, 'clf__subsample': 0.85}",0.8468992160845124,0.9239465226379384,0.09610651879380638
XGBoost,36,5,True,"{'clf__colsample_bytree': 0.85, 'clf__learning_rate': 0.05, 'clf__max_depth': 2, 'clf__min_child_weight': 1, 'clf__n_estimators': 100, 'clf__reg_alpha': 0.01, 'clf__reg_lambda': 1, 'clf__subsample': 0.85}",0.7519108021447606,0.9916977735720506,-0.03522576221869689
XGBoost,37,5,True,"{'clf__colsample_bytree': 0.85, 'clf__learning_rate': 0.05, 'clf__max_depth': 2, 'clf__min_child_weight': 3, 'clf__n_estimators': 100, 'clf__reg_alpha': 0, 'clf__reg_lambda': 2, 'clf__subsample': 0.85}",0.788925863575586,1.0396264573519765,-0.14837461900285964
XGBoost,38,5,True,"{'clf__colsample_bytree': 0.85, 'clf__learning_rate': 0.05, 'clf__max_depth': 2, 'clf__min_child_weight': 1, 'clf__n_estimators': 100, 'clf__reg_alpha': 0.01, 'clf__reg_lambda': 1, 'clf__subsample': 0.85}",0.7635599875620369,0.9013201905351627,0.1448651727722715
XGBoost,39,5,True,"{'clf__colsample_bytree': 0.85, 'clf__learning_rate': 0.05, 'clf__max_depth': 2, 'clf__min_child_weight': 3, 'clf__n_estimators': 100, 'clf__reg_alpha': 0, 'clf__reg_lambda': 1, 'clf__subsample': 0.85}",0.8381160397246279,1.0125967106639076,-0.08231610391666311
XGBoost,40,5,True,"{'clf__colsample_bytree': 0.85, 'clf__learning_rate': 0.05, 'clf__max_depth': 2, 'clf__min_child_weight': 3, 'clf__n_estimators': 100, 'clf__reg_alpha': 0.01, 'clf__reg_lambda': 1, 'clf__subsample': 0.85}",0.8983854003280398,1.028311123852058,-0.11616953229554294
XGBoost,41,5,True,"{'clf__colsample_bytree': 0.85, 'clf__learning_rate': 0.05, 'clf__max_depth': 2, 'clf__min_child_weight': 3, 'clf__n_estimators': 100, 'clf__reg_alpha': 0.01, 'clf__reg_lambda': 2, 'clf__subsample': 0.85}",0.7375311294458115,0.9527350213907331,0.04452208317431505
XGBoost,42,5,True,"{'clf__colsample_bytree': 0.85, 'clf__learning_rate': 0.05, 'clf__max_depth': 2, 'clf__min_child_weight': 3, 'clf__n_estimators': 100, 'clf__reg_alpha': 0.01, 'clf__reg_lambda': 2, 'clf__subsample': 0.85}",0.6313630655981279,0.992041764215321,-0.042037853826708105
XGBoost,43,5,True,"{'clf__colsample_bytree': 0.85, 'clf__learning_rate': 0.05, 'clf__max_depth': 2, 'clf__min_child_weight': 3, 'clf__n_estimators': 100, 'clf__reg_alpha': 0.01, 'clf__reg_lambda': 2, 'clf__subsample': 0.85}",0.9210710465993004,0.9994846214311425,-0.054467814503873946
XGBoost,44,5,True,"{'clf__colsample_bytree': 0.85, 'clf__learning_rate': 0.05, 'clf__max_depth': 2, 'clf__min_child_weight': 1, 'clf__n_estimators': 100, 'clf__reg_alpha': 0.01, 'clf__reg_lambda': 1, 'clf__subsample': 0.85}",0.6406437342837048,0.9690726852385906,0.03327748751048154
XGBoost,45,5,True,"{'clf__colsample_bytree': 0.85, 'clf__learning_rate': 0.05, 'clf__max_depth': 2, 'clf__min_child_weight': 3, 'clf__n_estimators': 100, 'clf__reg_alpha': 0, 'clf__reg_lambda': 2, 'clf__subsample': 0.85}",0.7250473332344786,0.8742068562583007,0.19330472649714392
XGBoost,46,5,True,"{'clf__colsample_bytree': 0.85, 'clf__learning_rate': 0.05, 'clf__max_depth': 2, 'clf__min_child_weight': 3, 'clf__n_estimators': 100, 'clf__reg_alpha': 0, 'clf__reg_lambda': 2, 'clf__subsample': 0.85}",0.8476889480359402,0.9627524900108038,0.021613623143441174
XGBoost,47,5,True,"{'clf__colsample_bytree': 0.85, 'clf__learning_rate': 0.05, 'clf__max_depth': 2, 'clf__min_child_weight': 1, 'clf__n_estimators': 100, 'clf__reg_alpha': 0.01, 'clf__reg_lambda': 1, 'clf__subsample': 0.85}",0.9115514051457425,1.0072946117140251,-0.07101145894300376
XGBoost,48,5,True,"{'clf__colsample_bytree': 0.85, 'clf__learning_rate': 0.05, 'clf__max_depth': 3, 'clf__min_child_weight': 1, 'clf__n_estimators': 100, 'clf__reg_alpha': 0.01, 'clf__reg_lambda': 2, 'clf__subsample': 0.85}",0.136758703738451,0.13874204843235047,0.0
XGBoost,49,5,True,"{'clf__colsample_bytree': 0.85, 'clf__learning_rate': 0.05, 'clf__max_depth': 2, 'clf__min_child_weight': 1, 'clf__n_estimators': 100, 'clf__reg_alpha': 0.01, 'clf__reg_lambda': 2, 'clf__subsample': 0.85}",0.9128500552489826,1.0196308857256198,-0.09740531774370109
XGBoost,50,5,True,"{'clf__colsample_bytree': 0.85, 'clf__learning_rate': 0.05, 'clf__max_depth': 2, 'clf__min_child_weight': 1, 'clf__n_estimators': 100, 'clf__reg_alpha': 0.01, 'clf__reg_lambda': 2, 'clf__subsample': 0.85}",0.8036468301470222,0.9991315505273163,-0.05372295832907037
XGBoost,51,5,True,"{'clf__colsample_bytree': 0.85, 'clf__learning_rate': 0.05, 'clf__max_depth': 3, 'clf__min_child_weight': 3, 'clf__n_estimators': 100, 'clf__reg_alpha': 0, 'clf__reg_lambda': 1, 'clf__subsample': 0.85}",0.9254162688886032,1.049397897048906,-0.15919573297964895
XGBoost,52,5,True,"{'clf__colsample_bytree': 0.85, 'clf__learning_rate': 0.05, 'clf__max_depth': 2, 'clf__min_child_weight': 1, 'clf__n_estimators': 100, 'clf__reg_alpha': 0.01, 'clf__reg_lambda': 1, 'clf__subsample': 0.85}",0.842367152735717,0.9854003552957317,-0.0281323225826573
XGBoost,53,5,True,"{'clf__colsample_bytree': 0.85, 'clf__learning_rate': 0.05, 'clf__max_depth': 3, 'clf__min_child_weight': 3, 'clf__n_estimators': 100, 'clf__reg_alpha': 0.01, 'clf__reg_lambda': 2, 'clf__subsample': 0.85}",0.7772039462421583,0.9551234249793545,0.03972551900600785
XGBoost,54,5,True,"{'clf__colsample_bytree': 0.85, 'clf__learning_rate': 0.05, 'clf__max_depth': 2, 'clf__min_child_weight': 3, 'clf__n_estimators': 100, 'clf__reg_alpha': 0.01, 'clf__reg_lambda': 1, 'clf__subsample': 0.85}",0.7747355876588792,0.9894216855477542,-0.036540876057580496
XGBoost,55,5,True,"{'clf__colsample_bytree': 0.85, 'clf__learning_rate': 0.05, 'clf__max_depth': 2, 'clf__min_child_weight': 1, 'clf__n_estimators': 100, 'clf__reg_alpha': 0, 'clf__reg_lambda': 1, 'clf__subsample': 0.85}",0.9340184817728161,0.9980606108007212,-0.048552613507272246
XGBoost,56,5,True,"{'clf__colsample_bytree': 0.85, 'clf__learning_rate': 0.05, 'clf__max_depth': 3, 'clf__min_child_weight': 3, 'clf__n_estimators': 100, 'clf__reg_alpha': 0.01, 'clf__reg_lambda': 2, 'clf__subsample': 0.85}",0.7325440143832572,1.0011337153066897,-0.06122569921341037
XGBoost,57,5,True,"{'clf__colsample_bytree': 0.85, 'clf__learning_rate': 0.05, 'clf__max_depth': 2, 'clf__min_child_weight': 1, 'clf__n_estimators': 100, 'clf__reg_alpha': 0.01, 'clf__reg_lambda': 2, 'clf__subsample': 0.85}",0.7549097975656102,0.9701753378184146,0.00339274411768542
XGBoost,58,5,True,"{'clf__colsample_bytree': 0.85, 'clf__learning_rate': 0.05, 'clf__max_depth': 3, 'clf__min_child_weight': 1, 'clf__n_estimators': 100, 'clf__reg_alpha': 0.01, 'clf__reg_lambda': 1, 'clf__subsample': 0.85}",0.6730218955577743,0.8099454778221522,0.2935258862597101
XGBoost,59,5,True,"{'clf__colsample_bytree': 0.85, 'clf__learning_rate': 0.05, 'clf__max_depth': 2, 'clf__min_child_weight': 1, 'clf__n_estimators': 100, 'clf__reg_alpha': 0, 'clf__reg_lambda': 1, 'clf__subsample': 0.85}",0.7892841789443841,0.944892358749411,0.06018782144944612
XGBoost,60,5,True,"{'clf__colsample_bytree': 0.85, 'clf__learning_rate': 0.05, 'clf__max_depth': 2, 'clf__min_child_weight': 1, 'clf__n_estimators': 100, 'clf__reg_alpha': 0.01, 'clf__reg_lambda': 1, 'clf__subsample': 0.85}",0.8187221741486673,0.985364226243127,-0.03162657450719886
XGBoost,61,5,True,"{'clf__colsample_bytree': 0.85, 'clf__learning_rate': 0.05, 'clf__max_depth': 3, 'clf__min_child_weight': 1, 'clf__n_estimators': 100, 'clf__reg_alpha': 0, 'clf__reg_lambda': 2, 'clf__subsample': 0.85}",0.7795608519155058,0.9244294729065156,0.0951613348936513
XGBoost,62,5,True,"{'clf__colsample_bytree': 0.85, 'clf__learning_rate': 0.05, 'clf__max_depth': 2, 'clf__min_child_weight': 3, 'clf__n_estimators': 100, 'clf__reg_alpha': 0, 'clf__reg_lambda': 2, 'clf__subsample': 0.85}",0.7466503911880535,0.9543613634031765,0.02847401391277904
XGBoost,63,5,True,"{'clf__colsample_bytree': 0.85, 'clf__learning_rate': 0.05, 'clf__max_depth': 2, 'clf__min_child_weight': 1, 'clf__n_estimators': 100, 'clf__reg_alpha': 0, 'clf__reg_lambda': 1, 'clf__subsample': 0.85}",0.7760113021177617,0.9098991852571777,0.12608811003878662
XGBoost,64,5,True,"{'clf__colsample_bytree': 0.85, 'clf__learning_rate': 0.05, 'clf__max_depth': 2, 'clf__min_child_weight': 1, 'clf__n_estimators': 100, 'clf__reg_alpha': 0.01, 'clf__reg_lambda': 1, 'clf__subsample': 0.85}",0.6963827928188021,0.9334940381039208,0.08272513770993195
